"","Date","Visitor","G","Home","G","","Att.","LOG","Notes"
"1","2021-01-13","St. Louis Blues","4","Colorado Avalanche","1","","","2:24",""
"2","2021-01-13","Vancouver Canucks","5","Edmonton Oilers","3","","","2:24",""
"3","2021-01-13","Pittsburgh Penguins","3","Philadelphia Flyers","6","","","2:21",""
"4","2021-01-13","Chicago Blackhawks","1","Tampa Bay Lightning","5","","","2:26",""
"5","2021-01-13","Montreal Canadiens","4","Toronto Maple Leafs","5","OT","","2:38",""
"6","2021-01-14","San Jose Sharks","4","Arizona Coyotes","3","SO","2,274","2:37",""
"7","2021-01-14","Washington Capitals","6","Buffalo Sabres","4","","","2:23",""
"8","2021-01-14","Carolina Hurricanes","3","Detroit Red Wings","0","","","2:25","at Little Caesars Arena (Detroit, MI)"
"9","2021-01-14","Vancouver Canucks","2","Edmonton Oilers","5","","","2:30",""
"10","2021-01-14","Minnesota Wild","4","Los Angeles Kings","3","OT","","2:37",""
"11","2021-01-14","Boston Bruins","3","New Jersey Devils","2","SO","","2:29",""
"12","2021-01-14","Columbus Blue Jackets","1","Nashville Predators","3","","","2:29",""
"13","2021-01-14","New York Islanders","4","New York Rangers","0","","","2:30",""
"14","2021-01-14","Anaheim Ducks","2","Vegas Golden Knights","5","","","2:24",""
"15","2021-01-14","Calgary Flames","3","Winnipeg Jets","4","OT","","2:26",""
"16","2021-01-15","Washington Capitals","2","Buffalo Sabres","1","","","2:17",""
"17","2021-01-15","St. Louis Blues","0","Colorado Avalanche","8","","","2:31",""
"18","2021-01-15","Toronto Maple Leafs","3","Ottawa Senators","5","","","2:28",""
"19","2021-01-15","Pittsburgh Penguins","2","Philadelphia Flyers","5","","","2:23",""
"20","2021-01-15","Chicago Blackhawks","2","Tampa Bay Lightning","5","","","2:23",""
"21","2021-01-16","San Jose Sharks","3","Arizona Coyotes","5","","2,384","2:22",""
"22","2021-01-16","Vancouver Canucks","0","Calgary Flames","3","","","2:24",""
"23","2021-01-16","Carolina Hurricanes","2","Detroit Red Wings","4","","","2:28","at Little Caesars Arena (Detroit, MI)"
"24","2021-01-16","Montreal Canadiens","5","Edmonton Oilers","1","","","2:20",""
"25","2021-01-16","Minnesota Wild","4","Los Angeles Kings","3","OT","","2:42",""
"26","2021-01-16","Boston Bruins","1","New Jersey Devils","2","OT","","2:34",""
"27","2021-01-16","Columbus Blue Jackets","2","Nashville Predators","5","","","2:28",""
"28","2021-01-16","New York Islanders","0","New York Rangers","5","","","2:41",""
"29","2021-01-16","Toronto Maple Leafs","3","Ottawa Senators","2","","","2:23",""
"30","2021-01-16","Anaheim Ducks","1","Vegas Golden Knights","2","OT","","2:18",""
"31","2021-01-17","Chicago Blackhawks","2","Florida Panthers","5","","4,147","2:27",""
"32","2021-01-17","Washington Capitals","3","Pittsburgh Penguins","4","SO","","2:40",""
"33","2021-01-18","Minnesota Wild","0","Anaheim Ducks","1","","","2:28",""
"34","2021-01-18","Vancouver Canucks","2","Calgary Flames","5","","","2:21",""
"35","2021-01-18","Columbus Blue Jackets","3","Detroit Red Wings","2","","","2:37","at Little Caesars Arena (Detroit, MI)"
"36","2021-01-18","Montreal Canadiens","3","Edmonton Oilers","1","","","2:26",""
"37","2021-01-18","Carolina Hurricanes","4","Nashville Predators","2","","","2:22",""
"38","2021-01-18","Boston Bruins","0","New York Islanders","1","","","2:26","at Nassau Veterans Memorial Coliseum (Uniondale, NY)"
"39","2021-01-18","Buffalo Sabres","6","Philadelphia Flyers","1","","","2:26",""
"40","2021-01-18","San Jose Sharks","4","St. Louis Blues","5","","","2:32",""
"41","2021-01-18","Winnipeg Jets","1","Toronto Maple Leafs","3","","","2:20",""
"42","2021-01-18","Arizona Coyotes","2","Vegas Golden Knights","4","","","2:33",""
"43","2021-01-19","Columbus Blue Jackets","2","Detroit Red Wings","3","OT","","2:21","at Little Caesars Arena (Detroit, MI)"
"44","2021-01-19","Chicago Blackhawks","4","Florida Panthers","5","OT","3,667","2:34",""
"45","2021-01-19","Colorado Avalanche","3","Los Angeles Kings","2","","","2:27",""
"46","2021-01-19","New Jersey Devils","4","New York Rangers","3","","","2:30",""
"47","2021-01-19","Winnipeg Jets","4","Ottawa Senators","3","OT","","2:29",""
"48","2021-01-19","Buffalo Sabres","0","Philadelphia Flyers","3","","","2:29",""
"49","2021-01-19","Washington Capitals","4","Pittsburgh Penguins","5","OT","","2:34",""
"50","2021-01-20","Minnesota Wild","","Anaheim Ducks","","","","",""
"51","2021-01-20","San Jose Sharks","","St. Louis Blues","","","","",""
"52","2021-01-20","Edmonton Oilers","","Toronto Maple Leafs","","","","",""
"53","2021-01-20","Montreal Canadiens","","Vancouver Canucks","","","","",""
"54","2021-01-20","Arizona Coyotes","","Vegas Golden Knights","","","","",""
"55","2021-01-21","Philadelphia Flyers","","Boston Bruins","","","","",""
"56","2021-01-21","Florida Panthers","","Carolina Hurricanes","","","","",""
"57","2021-01-21","Tampa Bay Lightning","","Columbus Blue Jackets","","","","",""
"58","2021-01-21","Colorado Avalanche","","Los Angeles Kings","","","","",""
"59","2021-01-21","New Jersey Devils","","New York Islanders","","","","","at Nassau Veterans Memorial Coliseum (Uniondale, NY)"
"60","2021-01-21","Winnipeg Jets","","Ottawa Senators","","","","",""
"61","2021-01-21","Montreal Canadiens","","Vancouver Canucks","","","","",""
"62","2021-01-22","Colorado Avalanche","","Anaheim Ducks","","","","",""
"63","2021-01-22","Vegas Golden Knights","","Arizona Coyotes","","","","",""
"64","2021-01-22","Detroit Red Wings","","Chicago Blackhawks","","","","",""
"65","2021-01-22","Nashville Predators","","Dallas Stars","","","","",""
"66","2021-01-22","San Jose Sharks","","Minnesota Wild","","","","",""
"67","2021-01-22","New York Rangers","","Pittsburgh Penguins","","","","",""
"68","2021-01-22","Edmonton Oilers","","Toronto Maple Leafs","","","","",""
"69","2021-01-22","Buffalo Sabres","","Washington Capitals","","","","",""
"70","2021-01-23","Philadelphia Flyers","","Boston Bruins","","","","",""
"71","2021-01-23","Florida Panthers","","Carolina Hurricanes","","","","",""
"72","2021-01-23","Tampa Bay Lightning","","Columbus Blue Jackets","","","","",""
"73","2021-01-23","Los Angeles Kings","","St. Louis Blues","","","","",""
"74","2021-01-23","Montreal Canadiens","","Vancouver Canucks","","","","",""
"75","2021-01-23","Ottawa Senators","","Winnipeg Jets","","","","",""
"76","2021-01-24","Colorado Avalanche","","Anaheim Ducks","","","","",""
"77","2021-01-24","Vegas Golden Knights","","Arizona Coyotes","","","","",""
"78","2021-01-24","Toronto Maple Leafs","","Calgary Flames","","","","",""
"79","2021-01-24","Detroit Red Wings","","Chicago Blackhawks","","","","",""
"80","2021-01-24","Nashville Predators","","Dallas Stars","","","","",""
"81","2021-01-24","San Jose Sharks","","Minnesota Wild","","","","",""
"82","2021-01-24","New York Islanders","","New Jersey Devils","","","","",""
"83","2021-01-24","New York Rangers","","Pittsburgh Penguins","","","","",""
"84","2021-01-24","Los Angeles Kings","","St. Louis Blues","","","","",""
"85","2021-01-24","Edmonton Oilers","","Winnipeg Jets","","","","",""
"86","2021-01-24","Buffalo Sabres","","Washington Capitals","","","","",""
"87","2021-01-25","Ottawa Senators","","Vancouver Canucks","","","","",""
"88","2021-01-26","Anaheim Ducks","","Arizona Coyotes","","","","",""
"89","2021-01-26","Pittsburgh Penguins","","Boston Bruins","","","","",""
"90","2021-01-26","New York Rangers","","Buffalo Sabres","","","","",""
"91","2021-01-26","Tampa Bay Lightning","","Carolina Hurricanes","","","","",""
"92","2021-01-26","Florida Panthers","","Columbus Blue Jackets","","","","",""
"93","2021-01-26","Toronto Maple Leafs","","Calgary Flames","","","","",""
"94","2021-01-26","San Jose Sharks","","Colorado Avalanche","","","","",""
"95","2021-01-26","Detroit Red Wings","","Dallas Stars","","","","",""
"96","2021-01-26","Los Angeles Kings","","Minnesota Wild","","","","",""
"97","2021-01-26","Philadelphia Flyers","","New Jersey Devils","","","","",""
"98","2021-01-26","Chicago Blackhawks","","Nashville Predators","","","","",""
"99","2021-01-26","St. Louis Blues","","Vegas Golden Knights","","","","",""
"100","2021-01-26","Edmonton Oilers","","Winnipeg Jets","","","","",""
"101","2021-01-26","New York Islanders","","Washington Capitals","","","","",""
"102","2021-01-27","Chicago Blackhawks","","Nashville Predators","","","","",""
"103","2021-01-27","Ottawa Senators","","Vancouver Canucks","","","","",""
"104","2021-01-28","Anaheim Ducks","","Arizona Coyotes","","","","",""
"105","2021-01-28","Pittsburgh Penguins","","Boston Bruins","","","","",""
"106","2021-01-28","New York Rangers","","Buffalo Sabres","","","","",""
"107","2021-01-28","Tampa Bay Lightning","","Carolina Hurricanes","","","","",""
"108","2021-01-28","Florida Panthers","","Columbus Blue Jackets","","","","",""
"109","2021-01-28","San Jose Sharks","","Colorado Avalanche","","","","",""
"110","2021-01-28","Detroit Red Wings","","Dallas Stars","","","","",""
"111","2021-01-28","Toronto Maple Leafs","","Edmonton Oilers","","","","",""
"112","2021-01-28","Los Angeles Kings","","Minnesota Wild","","","","",""
"113","2021-01-28","Calgary Flames","","Montreal Canadiens","","","","",""
"114","2021-01-28","Philadelphia Flyers","","New Jersey Devils","","","","",""
"115","2021-01-28","Ottawa Senators","","Vancouver Canucks","","","","",""
"116","2021-01-28","St. Louis Blues","","Vegas Golden Knights","","","","",""
"117","2021-01-28","New York Islanders","","Washington Capitals","","","","",""
"118","2021-01-29","Columbus Blue Jackets","","Chicago Blackhawks","","","","",""
"119","2021-01-30","St. Louis Blues","","Anaheim Ducks","","","","",""
"120","2021-01-30","New Jersey Devils","","Buffalo Sabres","","","","",""
"121","2021-01-30","Dallas Stars","","Carolina Hurricanes","","","","",""
"122","2021-01-30","Florida Panthers","","Detroit Red Wings","","","","","at Little Caesars Arena (Detroit, MI)"
"123","2021-01-30","Toronto Maple Leafs","","Edmonton Oilers","","","","",""
"124","2021-01-30","Colorado Avalanche","","Minnesota Wild","","","","",""
"125","2021-01-30","Calgary Flames","","Montreal Canadiens","","","","",""
"126","2021-01-30","Pittsburgh Penguins","","New York Rangers","","","","",""
"127","2021-01-30","New York Islanders","","Philadelphia Flyers","","","","",""
"128","2021-01-30","Nashville Predators","","Tampa Bay Lightning","","","","",""
"129","2021-01-30","Vancouver Canucks","","Winnipeg Jets","","","","",""
"130","2021-01-30","Boston Bruins","","Washington Capitals","","","","",""
"131","2021-01-31","St. Louis Blues","","Anaheim Ducks","","","","",""
"132","2021-01-31","New Jersey Devils","","Buffalo Sabres","","","","",""
"133","2021-01-31","Dallas Stars","","Carolina Hurricanes","","","","",""
"134","2021-01-31","Columbus Blue Jackets","","Chicago Blackhawks","","","","",""
"135","2021-01-31","Florida Panthers","","Detroit Red Wings","","","","","at Little Caesars Arena (Detroit, MI)"
"136","2021-01-31","Ottawa Senators","","Edmonton Oilers","","","","",""
"137","2021-01-31","Colorado Avalanche","","Minnesota Wild","","","","",""
"138","2021-01-31","New York Islanders","","Philadelphia Flyers","","","","",""
"139","2021-02-01","Vancouver Canucks","","Montreal Canadiens","","","","",""
"140","2021-02-01","Pittsburgh Penguins","","New York Rangers","","","","",""
"141","2021-02-01","Vegas Golden Knights","","San Jose Sharks","","","","",""
"142","2021-02-01","Nashville Predators","","Tampa Bay Lightning","","","","",""
"143","2021-02-01","Calgary Flames","","Winnipeg Jets","","","","",""
"144","2021-02-01","Boston Bruins","","Washington Capitals","","","","",""
"145","2021-02-02","Dallas Stars","","Columbus Blue Jackets","","","","",""
"146","2021-02-02","Carolina Hurricanes","","Chicago Blackhawks","","","","",""
"147","2021-02-02","Minnesota Wild","","Colorado Avalanche","","","","",""
"148","2021-02-02","Ottawa Senators","","Edmonton Oilers","","","","",""
"149","2021-02-02","Anaheim Ducks","","Los Angeles Kings","","","","",""
"150","2021-02-02","Vancouver Canucks","","Montreal Canadiens","","","","",""
"151","2021-02-02","Buffalo Sabres","","New York Islanders","","","","","at Nassau Veterans Memorial Coliseum (Uniondale, NY)"
"152","2021-02-02","New Jersey Devils","","Pittsburgh Penguins","","","","",""
"153","2021-02-02","Arizona Coyotes","","St. Louis Blues","","","","",""
"154","2021-02-02","Calgary Flames","","Winnipeg Jets","","","","",""
"155","2021-02-03","Boston Bruins","","Philadelphia Flyers","","","","",""
"156","2021-02-03","Vegas Golden Knights","","San Jose Sharks","","","","",""
"157","2021-02-03","Detroit Red Wings","","Tampa Bay Lightning","","","","",""
"158","2021-02-04","Dallas Stars","","Columbus Blue Jackets","","","","",""
"159","2021-02-04","Carolina Hurricanes","","Chicago Blackhawks","","","","",""
"160","2021-02-04","Minnesota Wild","","Colorado Avalanche","","","","",""
"161","2021-02-04","Nashville Predators","","Florida Panthers","","","","",""
"162","2021-02-04","Ottawa Senators","","Montreal Canadiens","","","","",""
"163","2021-02-04","Buffalo Sabres","","New York Islanders","","","","","at Nassau Veterans Memorial Coliseum (Uniondale, NY)"
"164","2021-02-04","Washington Capitals","","New York Rangers","","","","",""
"165","2021-02-04","New Jersey Devils","","Pittsburgh Penguins","","","","",""
"166","2021-02-04","Arizona Coyotes","","St. Louis Blues","","","","",""
"167","2021-02-04","Vancouver Canucks","","Toronto Maple Leafs","","","","",""
"168","2021-02-04","Calgary Flames","","Winnipeg Jets","","","","",""
"169","2021-02-05","San Jose Sharks","","Anaheim Ducks","","","","",""
"170","2021-02-05","Nashville Predators","","Florida Panthers","","","","",""
"171","2021-02-05","Boston Bruins","","Philadelphia Flyers","","","","",""
"172","2021-02-05","Detroit Red Wings","","Tampa Bay Lightning","","","","",""
"173","2021-02-05","Los Angeles Kings","","Vegas Golden Knights","","","","",""
"174","2021-02-06","San Jose Sharks","","Anaheim Ducks","","","","",""
"175","2021-02-06","Buffalo Sabres","","Boston Bruins","","","","",""
"176","2021-02-06","Edmonton Oilers","","Calgary Flames","","","","",""
"177","2021-02-06","Arizona Coyotes","","Minnesota Wild","","","","",""
"178","2021-02-06","New York Rangers","","New Jersey Devils","","","","",""
"179","2021-02-06","Pittsburgh Penguins","","New York Islanders","","","","","at Nassau Veterans Memorial Coliseum (Uniondale, NY)"
"180","2021-02-06","Montreal Canadiens","","Ottawa Senators","","","","",""
"181","2021-02-06","Colorado Avalanche","","St. Louis Blues","","","","",""
"182","2021-02-06","Vancouver Canucks","","Toronto Maple Leafs","","","","",""
"183","2021-02-07","Carolina Hurricanes","","Columbus Blue Jackets","","","","",""
"184","2021-02-07","Chicago Blackhawks","","Dallas Stars","","","","",""
"185","2021-02-07","Detroit Red Wings","","Florida Panthers","","","","",""
"186","2021-02-07","Arizona Coyotes","","Minnesota Wild","","","","",""
"187","2021-02-07","Colorado Avalanche","","St. Louis Blues","","","","",""
"188","2021-02-07","Los Angeles Kings","","Vegas Golden Knights","","","","",""
"189","2021-02-07","Philadelphia Flyers","","Washington Capitals","","","","",""
"190","2021-02-08","Buffalo Sabres","","Boston Bruins","","","","",""
"191","2021-02-08","Carolina Hurricanes","","Columbus Blue Jackets","","","","",""
"192","2021-02-08","Tampa Bay Lightning","","Nashville Predators","","","","",""
"193","2021-02-08","New York Islanders","","New York Rangers","","","","",""
"194","2021-02-08","Edmonton Oilers","","Ottawa Senators","","","","",""
"195","2021-02-08","Vancouver Canucks","","Toronto Maple Leafs","","","","",""
"196","2021-02-09","Winnipeg Jets","","Calgary Flames","","","","",""
"197","2021-02-09","Arizona Coyotes","","Colorado Avalanche","","","","",""
"198","2021-02-09","Chicago Blackhawks","","Dallas Stars","","","","",""
"199","2021-02-09","Detroit Red Wings","","Florida Panthers","","","","",""
"200","2021-02-09","San Jose Sharks","","Los Angeles Kings","","","","",""
"201","2021-02-09","St. Louis Blues","","Minnesota Wild","","","","",""
"202","2021-02-09","Pittsburgh Penguins","","New Jersey Devils","","","","",""
"203","2021-02-09","Tampa Bay Lightning","","Nashville Predators","","","","",""
"204","2021-02-09","Edmonton Oilers","","Ottawa Senators","","","","",""
"205","2021-02-09","Anaheim Ducks","","Vegas Golden Knights","","","","",""
"206","2021-02-09","Philadelphia Flyers","","Washington Capitals","","","","",""
"207","2021-02-10","Toronto Maple Leafs","","Montreal Canadiens","","","","",""
"208","2021-02-10","Boston Bruins","","New York Rangers","","","","",""
"209","2021-02-11","Washington Capitals","","Buffalo Sabres","","","","",""
"210","2021-02-11","Columbus Blue Jackets","","Chicago Blackhawks","","","","",""
"211","2021-02-11","Arizona Coyotes","","Colorado Avalanche","","","","",""
"212","2021-02-11","Carolina Hurricanes","","Dallas Stars","","","","",""
"213","2021-02-11","Tampa Bay Lightning","","Florida Panthers","","","","",""
"214","2021-02-11","San Jose Sharks","","Los Angeles Kings","","","","",""
"215","2021-02-11","St. Louis Blues","","Minnesota Wild","","","","",""
"216","2021-02-11","Edmonton Oilers","","Montreal Canadiens","","","","",""
"217","2021-02-11","Detroit Red Wings","","Nashville Predators","","","","",""
"218","2021-02-11","Pittsburgh Penguins","","New York Islanders","","","","","at Nassau Veterans Memorial Coliseum (Uniondale, NY)"
"219","2021-02-11","New Jersey Devils","","Philadelphia Flyers","","","","",""
"220","2021-02-11","Calgary Flames","","Vancouver Canucks","","","","",""
"221","2021-02-11","Anaheim Ducks","","Vegas Golden Knights","","","","",""
"222","2021-02-11","Ottawa Senators","","Winnipeg Jets","","","","",""
"223","2021-02-12","Boston Bruins","","New York Rangers","","","","",""
"224","2021-02-13","St. Louis Blues","","Arizona Coyotes","","","","",""
"225","2021-02-13","Washington Capitals","","Buffalo Sabres","","","","",""
"226","2021-02-13","Columbus Blue Jackets","","Chicago Blackhawks","","","","",""
"227","2021-02-13","Carolina Hurricanes","","Dallas Stars","","","","",""
"228","2021-02-13","Tampa Bay Lightning","","Florida Panthers","","","","",""
"229","2021-02-13","Minnesota Wild","","Los Angeles Kings","","","","",""
"230","2021-02-13","Detroit Red Wings","","Nashville Predators","","","","",""
"231","2021-02-13","Boston Bruins","","New York Islanders","","","","","at Nassau Veterans Memorial Coliseum (Uniondale, NY)"
"232","2021-02-13","New Jersey Devils","","Philadelphia Flyers","","","","",""
"233","2021-02-13","Anaheim Ducks","","San Jose Sharks","","","","",""
"234","2021-02-13","Montreal Canadiens","","Toronto Maple Leafs","","","","",""
"235","2021-02-13","Calgary Flames","","Vancouver Canucks","","","","",""
"236","2021-02-13","Ottawa Senators","","Winnipeg Jets","","","","",""
"237","2021-02-14","Washington Capitals","","Pittsburgh Penguins","","","","",""
"238","2021-02-14","Colorado Avalanche","","Vegas Golden Knights","","","","",""
"239","2021-02-15","St. Louis Blues","","Arizona Coyotes","","","","",""
"240","2021-02-15","New Jersey Devils","","Boston Bruins","","","","",""
"241","2021-02-15","New York Islanders","","Buffalo Sabres","","","","",""
"242","2021-02-15","Nashville Predators","","Dallas Stars","","","","",""
"243","2021-02-15","Chicago Blackhawks","","Detroit Red Wings","","","","","at Little Caesars Arena (Detroit, MI)"
"244","2021-02-15","Winnipeg Jets","","Edmonton Oilers","","","","",""
"245","2021-02-15","Anaheim Ducks","","San Jose Sharks","","","","",""
"246","2021-02-15","Ottawa Senators","","Toronto Maple Leafs","","","","",""
"247","2021-02-15","Calgary Flames","","Vancouver Canucks","","","","",""
"248","2021-02-16","New York Islanders","","Buffalo Sabres","","","","",""
"249","2021-02-16","Columbus Blue Jackets","","Carolina Hurricanes","","","","",""
"250","2021-02-16","Nashville Predators","","Dallas Stars","","","","",""
"251","2021-02-16","Minnesota Wild","","Los Angeles Kings","","","","",""
"252","2021-02-16","Philadelphia Flyers","","New York Rangers","","","","",""
"253","2021-02-16","Washington Capitals","","Pittsburgh Penguins","","","","",""
"254","2021-02-16","Florida Panthers","","Tampa Bay Lightning","","","","",""
"255","2021-02-16","Colorado Avalanche","","Vegas Golden Knights","","","","",""
"256","2021-02-17","Vancouver Canucks","","Calgary Flames","","","","",""
"257","2021-02-17","Chicago Blackhawks","","Detroit Red Wings","","","","","at Little Caesars Arena (Detroit, MI)"
"258","2021-02-17","Winnipeg Jets","","Edmonton Oilers","","","","",""
"259","2021-02-17","Ottawa Senators","","Toronto Maple Leafs","","","","",""
"260","2021-02-18","Minnesota Wild","","Anaheim Ducks","","","","",""
"261","2021-02-18","Los Angeles Kings","","Arizona Coyotes","","","","",""
"262","2021-02-18","New Jersey Devils","","Boston Bruins","","","","",""
"263","2021-02-18","Nashville Predators","","Columbus Blue Jackets","","","","",""
"264","2021-02-18","Tampa Bay Lightning","","Dallas Stars","","","","",""
"265","2021-02-18","New York Rangers","","Philadelphia Flyers","","","","",""
"266","2021-02-18","New York Islanders","","Pittsburgh Penguins","","","","",""
"267","2021-02-18","San Jose Sharks","","St. Louis Blues","","","","",""
"268","2021-02-18","Ottawa Senators","","Toronto Maple Leafs","","","","",""
"269","2021-02-19","Chicago Blackhawks","","Carolina Hurricanes","","","","",""
"270","2021-02-19","Edmonton Oilers","","Calgary Flames","","","","",""
"271","2021-02-19","Florida Panthers","","Detroit Red Wings","","","","","at Little Caesars Arena (Detroit, MI)"
"272","2021-02-19","Winnipeg Jets","","Vancouver Canucks","","","","",""
"273","2021-02-20","Minnesota Wild","","Anaheim Ducks","","","","",""
"274","2021-02-20","Los Angeles Kings","","Arizona Coyotes","","","","",""
"275","2021-02-20","Chicago Blackhawks","","Carolina Hurricanes","","","","",""
"276","2021-02-20","Nashville Predators","","Columbus Blue Jackets","","","","",""
"277","2021-02-20","Vegas Golden Knights","","Colorado Avalanche","","","","",""
"278","2021-02-20","Tampa Bay Lightning","","Dallas Stars","","","","",""
"279","2021-02-20","Florida Panthers","","Detroit Red Wings","","","","","at Little Caesars Arena (Detroit, MI)"
"280","2021-02-20","Calgary Flames","","Edmonton Oilers","","","","",""
"281","2021-02-20","Toronto Maple Leafs","","Montreal Canadiens","","","","",""
"282","2021-02-20","Buffalo Sabres","","New Jersey Devils","","","","",""
"283","2021-02-20","New York Islanders","","Pittsburgh Penguins","","","","",""
"284","2021-02-20","San Jose Sharks","","St. Louis Blues","","","","",""
"285","2021-02-20","New York Rangers","","Washington Capitals","","","","",""
"286","2021-02-21","Philadelphia Flyers","","Boston Bruins","","","","",""
"287","2021-02-21","Montreal Canadiens","","Ottawa Senators","","","","",""
"288","2021-02-21","Winnipeg Jets","","Vancouver Canucks","","","","",""
"289","2021-02-21","New York Rangers","","Washington Capitals","","","","",""
"290","2021-02-22","Anaheim Ducks","","Arizona Coyotes","","","","",""
"291","2021-02-22","Vegas Golden Knights","","Colorado Avalanche","","","","",""
"292","2021-02-22","Dallas Stars","","Florida Panthers","","","","",""
"293","2021-02-22","Buffalo Sabres","","New Jersey Devils","","","","",""
"294","2021-02-22","Los Angeles Kings","","St. Louis Blues","","","","",""
"295","2021-02-22","Carolina Hurricanes","","Tampa Bay Lightning","","","","",""
"296","2021-02-22","Calgary Flames","","Toronto Maple Leafs","","","","",""
"297","2021-02-23","Chicago Blackhawks","","Columbus Blue Jackets","","","","",""
"298","2021-02-23","Nashville Predators","","Detroit Red Wings","","","","","at Little Caesars Arena (Detroit, MI)"
"299","2021-02-23","New York Islanders","","New Jersey Devils","","","","",""
"300","2021-02-23","Montreal Canadiens","","Ottawa Senators","","","","",""
"301","2021-02-23","Edmonton Oilers","","Vancouver Canucks","","","","",""
"302","2021-02-23","Pittsburgh Penguins","","Washington Capitals","","","","",""
"303","2021-02-24","Anaheim Ducks","","Arizona Coyotes","","","","",""
"304","2021-02-24","Dallas Stars","","Florida Panthers","","","","",""
"305","2021-02-24","New York Rangers","","Philadelphia Flyers","","","","",""
"306","2021-02-24","Los Angeles Kings","","St. Louis Blues","","","","",""
"307","2021-02-24","Calgary Flames","","Toronto Maple Leafs","","","","",""
"308","2021-02-25","Colorado Avalanche","","Arizona Coyotes","","","","",""
"309","2021-02-25","Chicago Blackhawks","","Columbus Blue Jackets","","","","",""
"310","2021-02-25","Nashville Predators","","Detroit Red Wings","","","","","at Little Caesars Arena (Detroit, MI)"
"311","2021-02-25","Dallas Stars","","Florida Panthers","","","","",""
"312","2021-02-25","Boston Bruins","","New York Islanders","","","","","at Nassau Veterans Memorial Coliseum (Uniondale, NY)"
"313","2021-02-25","Calgary Flames","","Ottawa Senators","","","","",""
"314","2021-02-25","Carolina Hurricanes","","Tampa Bay Lightning","","","","",""
"315","2021-02-25","Edmonton Oilers","","Vancouver Canucks","","","","",""
"316","2021-02-25","Montreal Canadiens","","Winnipeg Jets","","","","",""
"317","2021-02-25","Pittsburgh Penguins","","Washington Capitals","","","","",""
"318","2021-02-26","Vegas Golden Knights","","Anaheim Ducks","","","","",""
"319","2021-02-26","Philadelphia Flyers","","Buffalo Sabres","","","","",""
"320","2021-02-26","Los Angeles Kings","","Minnesota Wild","","","","",""
"321","2021-02-26","Boston Bruins","","New York Rangers","","","","",""
"322","2021-02-26","St. Louis Blues","","San Jose Sharks","","","","",""
"323","2021-02-27","Vegas Golden Knights","","Anaheim Ducks","","","","",""
"324","2021-02-27","Colorado Avalanche","","Arizona Coyotes","","","","",""
"325","2021-02-27","Detroit Red Wings","","Chicago Blackhawks","","","","",""
"326","2021-02-27","Toronto Maple Leafs","","Edmonton Oilers","","","","",""
"327","2021-02-27","Carolina Hurricanes","","Florida Panthers","","","","",""
"328","2021-02-27","Los Angeles Kings","","Minnesota Wild","","","","",""
"329","2021-02-27","Washington Capitals","","New Jersey Devils","","","","",""
"330","2021-02-27","Columbus Blue Jackets","","Nashville Predators","","","","",""
"331","2021-02-27","Pittsburgh Penguins","","New York Islanders","","","","","at Nassau Veterans Memorial Coliseum (Uniondale, NY)"
"332","2021-02-27","Calgary Flames","","Ottawa Senators","","","","",""
"333","2021-02-27","St. Louis Blues","","San Jose Sharks","","","","",""
"334","2021-02-27","Dallas Stars","","Tampa Bay Lightning","","","","",""
"335","2021-02-27","Montreal Canadiens","","Winnipeg Jets","","","","",""
"336","2021-02-28","Philadelphia Flyers","","Buffalo Sabres","","","","",""
"337","2021-02-28","Detroit Red Wings","","Chicago Blackhawks","","","","",""
"338","2021-02-28","Columbus Blue Jackets","","Nashville Predators","","","","",""
"339","2021-02-28","Pittsburgh Penguins","","New York Islanders","","","","","at Nassau Veterans Memorial Coliseum (Uniondale, NY)"
"340","2021-02-28","Boston Bruins","","New York Rangers","","","","",""
"341","2021-03-01","St. Louis Blues","","Anaheim Ducks","","","","",""
"342","2021-03-01","Toronto Maple Leafs","","Edmonton Oilers","","","","",""
"343","2021-03-01","Carolina Hurricanes","","Florida Panthers","","","","",""
"344","2021-03-01","Washington Capitals","","New Jersey Devils","","","","",""
"345","2021-03-01","Calgary Flames","","Ottawa Senators","","","","",""
"346","2021-03-01","Colorado Avalanche","","San Jose Sharks","","","","",""
"347","2021-03-01","Dallas Stars","","Tampa Bay Lightning","","","","",""
"348","2021-03-01","Minnesota Wild","","Vegas Golden Knights","","","","",""
"349","2021-03-01","Vancouver Canucks","","Winnipeg Jets","","","","",""
"350","2021-03-02","Detroit Red Wings","","Columbus Blue Jackets","","","","",""
"351","2021-03-02","Ottawa Senators","","Montreal Canadiens","","","","",""
"352","2021-03-02","Buffalo Sabres","","New York Rangers","","","","",""
"353","2021-03-02","Philadelphia Flyers","","Pittsburgh Penguins","","","","",""
"354","2021-03-02","Vancouver Canucks","","Winnipeg Jets","","","","",""
"355","2021-03-03","St. Louis Blues","","Anaheim Ducks","","","","",""
"356","2021-03-03","Washington Capitals","","Boston Bruins","","","","",""
"357","2021-03-03","Toronto Maple Leafs","","Edmonton Oilers","","","","",""
"358","2021-03-03","Colorado Avalanche","","San Jose Sharks","","","","",""
"359","2021-03-03","Minnesota Wild","","Vegas Golden Knights","","","","",""
"360","2021-03-04","Detroit Red Wings","","Carolina Hurricanes","","","","",""
"361","2021-03-04","Ottawa Senators","","Calgary Flames","","","","",""
"362","2021-03-04","Tampa Bay Lightning","","Chicago Blackhawks","","","","",""
"363","2021-03-04","Columbus Blue Jackets","","Dallas Stars","","","","",""
"364","2021-03-04","Winnipeg Jets","","Montreal Canadiens","","","","",""
"365","2021-03-04","Florida Panthers","","Nashville Predators","","","","",""
"366","2021-03-04","New Jersey Devils","","New York Rangers","","","","",""
"367","2021-03-04","Philadelphia Flyers","","Pittsburgh Penguins","","","","",""
"368","2021-03-04","Toronto Maple Leafs","","Vancouver Canucks","","","","",""
"369","2021-03-05","Minnesota Wild","","Arizona Coyotes","","","","",""
"370","2021-03-05","Washington Capitals","","Boston Bruins","","","","",""
"371","2021-03-05","Tampa Bay Lightning","","Chicago Blackhawks","","","","",""
"372","2021-03-05","Anaheim Ducks","","Colorado Avalanche","","","","",""
"373","2021-03-05","St. Louis Blues","","Los Angeles Kings","","","","",""
"374","2021-03-05","New York Rangers","","New Jersey Devils","","","","",""
"375","2021-03-05","Buffalo Sabres","","New York Islanders","","","","","at Nassau Veterans Memorial Coliseum (Uniondale, NY)"
"376","2021-03-05","Vegas Golden Knights","","San Jose Sharks","","","","",""
"377","2021-03-06","Minnesota Wild","","Arizona Coyotes","","","","",""
"378","2021-03-06","Anaheim Ducks","","Colorado Avalanche","","","","",""
"379","2021-03-06","Columbus Blue Jackets","","Dallas Stars","","","","",""
"380","2021-03-06","Calgary Flames","","Edmonton Oilers","","","","",""
"381","2021-03-06","St. Louis Blues","","Los Angeles Kings","","","","",""
"382","2021-03-06","Winnipeg Jets","","Montreal Canadiens","","","","",""
"383","2021-03-06","Florida Panthers","","Nashville Predators","","","","",""
"384","2021-03-06","Vegas Golden Knights","","San Jose Sharks","","","","",""
"385","2021-03-06","Toronto Maple Leafs","","Vancouver Canucks","","","","",""
"386","2021-03-07","Philadelphia Flyers","","Boston Bruins","","","","",""
"387","2021-03-07","Ottawa Senators","","Calgary Flames","","","","",""
"388","2021-03-07","Tampa Bay Lightning","","Chicago Blackhawks","","","","",""
"389","2021-03-07","Buffalo Sabres","","New York Islanders","","","","","at Nassau Veterans Memorial Coliseum (Uniondale, NY)"
"390","2021-03-07","New York Rangers","","Pittsburgh Penguins","","","","",""
"391","2021-03-07","New Jersey Devils","","Washington Capitals","","","","",""
"392","2021-03-08","Los Angeles Kings","","Anaheim Ducks","","","","",""
"393","2021-03-08","Arizona Coyotes","","Colorado Avalanche","","","","",""
"394","2021-03-08","Ottawa Senators","","Edmonton Oilers","","","","",""
"395","2021-03-08","Vegas Golden Knights","","Minnesota Wild","","","","",""
"396","2021-03-08","Montreal Canadiens","","Vancouver Canucks","","","","",""
"397","2021-03-09","Nashville Predators","","Carolina Hurricanes","","","","",""
"398","2021-03-09","Florida Panthers","","Columbus Blue Jackets","","","","",""
"399","2021-03-09","Chicago Blackhawks","","Dallas Stars","","","","",""
"400","2021-03-09","Tampa Bay Lightning","","Detroit Red Wings","","","","","at Little Caesars Arena (Detroit, MI)"
"401","2021-03-09","Boston Bruins","","New York Islanders","","","","","at Nassau Veterans Memorial Coliseum (Uniondale, NY)"
"402","2021-03-09","Buffalo Sabres","","Philadelphia Flyers","","","","",""
"403","2021-03-09","New York Rangers","","Pittsburgh Penguins","","","","",""
"404","2021-03-09","Winnipeg Jets","","Toronto Maple Leafs","","","","",""
"405","2021-03-09","New Jersey Devils","","Washington Capitals","","","","",""
"406","2021-03-10","Los Angeles Kings","","Anaheim Ducks","","","","",""
"407","2021-03-10","Arizona Coyotes","","Colorado Avalanche","","","","",""
"408","2021-03-10","Ottawa Senators","","Edmonton Oilers","","","","",""
"409","2021-03-10","Vegas Golden Knights","","Minnesota Wild","","","","",""
"410","2021-03-10","Montreal Canadiens","","Vancouver Canucks","","","","",""
"411","2021-03-11","New York Rangers","","Boston Bruins","","","","",""
"412","2021-03-11","Pittsburgh Penguins","","Buffalo Sabres","","","","",""
"413","2021-03-11","Nashville Predators","","Carolina Hurricanes","","","","",""
"414","2021-03-11","Florida Panthers","","Columbus Blue Jackets","","","","",""
"415","2021-03-11","Montreal Canadiens","","Calgary Flames","","","","",""
"416","2021-03-11","Chicago Blackhawks","","Dallas Stars","","","","",""
"417","2021-03-11","Tampa Bay Lightning","","Detroit Red Wings","","","","","at Little Caesars Arena (Detroit, MI)"
"418","2021-03-11","New Jersey Devils","","New York Islanders","","","","","at Nassau Veterans Memorial Coliseum (Uniondale, NY)"
"419","2021-03-11","Washington Capitals","","Philadelphia Flyers","","","","",""
"420","2021-03-11","Winnipeg Jets","","Toronto Maple Leafs","","","","",""
"421","2021-03-12","San Jose Sharks","","Anaheim Ducks","","","","",""
"422","2021-03-12","Los Angeles Kings","","Colorado Avalanche","","","","",""
"423","2021-03-12","Ottawa Senators","","Edmonton Oilers","","","","",""
"424","2021-03-12","Arizona Coyotes","","Minnesota Wild","","","","",""
"425","2021-03-12","Vegas Golden Knights","","St. Louis Blues","","","","",""
"426","2021-03-13","San Jose Sharks","","Anaheim Ducks","","","","",""
"427","2021-03-13","New York Rangers","","Boston Bruins","","","","",""
"428","2021-03-13","Pittsburgh Penguins","","Buffalo Sabres","","","","",""
"429","2021-03-13","Dallas Stars","","Columbus Blue Jackets","","","","",""
"430","2021-03-13","Montreal Canadiens","","Calgary Flames","","","","",""
"431","2021-03-13","Chicago Blackhawks","","Florida Panthers","","","","",""
"432","2021-03-13","New York Islanders","","New Jersey Devils","","","","",""
"433","2021-03-13","Washington Capitals","","Philadelphia Flyers","","","","",""
"434","2021-03-13","Vegas Golden Knights","","St. Louis Blues","","","","",""
"435","2021-03-13","Nashville Predators","","Tampa Bay Lightning","","","","",""
"436","2021-03-13","Winnipeg Jets","","Toronto Maple Leafs","","","","",""
"437","2021-03-13","Edmonton Oilers","","Vancouver Canucks","","","","",""
"438","2021-03-14","Los Angeles Kings","","Colorado Avalanche","","","","",""
"439","2021-03-14","Carolina Hurricanes","","Detroit Red Wings","","","","","at Little Caesars Arena (Detroit, MI)"
"440","2021-03-14","Arizona Coyotes","","Minnesota Wild","","","","",""
"441","2021-03-14","Toronto Maple Leafs","","Ottawa Senators","","","","",""
"442","2021-03-15","Dallas Stars","","Columbus Blue Jackets","","","","",""
"443","2021-03-15","Edmonton Oilers","","Calgary Flames","","","","",""
"444","2021-03-15","Chicago Blackhawks","","Florida Panthers","","","","",""
"445","2021-03-15","St. Louis Blues","","Los Angeles Kings","","","","",""
"446","2021-03-15","Philadelphia Flyers","","New York Rangers","","","","",""
"447","2021-03-15","Vancouver Canucks","","Ottawa Senators","","","","",""
"448","2021-03-15","Boston Bruins","","Pittsburgh Penguins","","","","",""
"449","2021-03-15","Nashville Predators","","Tampa Bay Lightning","","","","",""
"450","2021-03-15","San Jose Sharks","","Vegas Golden Knights","","","","",""
"451","2021-03-15","Montreal Canadiens","","Winnipeg Jets","","","","",""
"452","2021-03-15","New York Islanders","","Washington Capitals","","","","",""
"453","2021-03-16","Arizona Coyotes","","Anaheim Ducks","","","","",""
"454","2021-03-16","Carolina Hurricanes","","Detroit Red Wings","","","","","at Little Caesars Arena (Detroit, MI)"
"455","2021-03-16","Buffalo Sabres","","New Jersey Devils","","","","",""
"456","2021-03-16","Boston Bruins","","Pittsburgh Penguins","","","","",""
"457","2021-03-16","Florida Panthers","","Tampa Bay Lightning","","","","",""
"458","2021-03-16","New York Islanders","","Washington Capitals","","","","",""
"459","2021-03-17","Edmonton Oilers","","Calgary Flames","","","","",""
"460","2021-03-17","St. Louis Blues","","Los Angeles Kings","","","","",""
"461","2021-03-17","Philadelphia Flyers","","New York Rangers","","","","",""
"462","2021-03-17","Vancouver Canucks","","Ottawa Senators","","","","",""
"463","2021-03-17","San Jose Sharks","","Vegas Golden Knights","","","","",""
"464","2021-03-17","Montreal Canadiens","","Winnipeg Jets","","","","",""
"465","2021-03-18","Arizona Coyotes","","Anaheim Ducks","","","","",""
"466","2021-03-18","Boston Bruins","","Buffalo Sabres","","","","",""
"467","2021-03-18","Columbus Blue Jackets","","Carolina Hurricanes","","","","",""
"468","2021-03-18","Minnesota Wild","","Colorado Avalanche","","","","",""
"469","2021-03-18","Dallas Stars","","Detroit Red Wings","","","","","at Little Caesars Arena (Detroit, MI)"
"470","2021-03-18","Winnipeg Jets","","Edmonton Oilers","","","","",""
"471","2021-03-18","Nashville Predators","","Florida Panthers","","","","",""
"472","2021-03-18","Philadelphia Flyers","","New York Islanders","","","","","at Nassau Veterans Memorial Coliseum (Uniondale, NY)"
"473","2021-03-18","Chicago Blackhawks","","Tampa Bay Lightning","","","","",""
"474","2021-03-19","Vegas Golden Knights","","Los Angeles Kings","","","","",""
"475","2021-03-19","Vancouver Canucks","","Montreal Canadiens","","","","",""
"476","2021-03-19","Pittsburgh Penguins","","New Jersey Devils","","","","",""
"477","2021-03-19","St. Louis Blues","","San Jose Sharks","","","","",""
"478","2021-03-19","Calgary Flames","","Toronto Maple Leafs","","","","",""
"479","2021-03-19","New York Rangers","","Washington Capitals","","","","",""
"480","2021-03-20","Boston Bruins","","Buffalo Sabres","","","","",""
"481","2021-03-20","Columbus Blue Jackets","","Carolina Hurricanes","","","","",""
"482","2021-03-20","Minnesota Wild","","Colorado Avalanche","","","","",""
"483","2021-03-20","Dallas Stars","","Detroit Red Wings","","","","","at Little Caesars Arena (Detroit, MI)"
"484","2021-03-20","Winnipeg Jets","","Edmonton Oilers","","","","",""
"485","2021-03-20","Nashville Predators","","Florida Panthers","","","","",""
"486","2021-03-20","Vancouver Canucks","","Montreal Canadiens","","","","",""
"487","2021-03-20","Philadelphia Flyers","","New York Islanders","","","","","at Nassau Veterans Memorial Coliseum (Uniondale, NY)"
"488","2021-03-20","St. Louis Blues","","San Jose Sharks","","","","",""
"489","2021-03-20","Chicago Blackhawks","","Tampa Bay Lightning","","","","",""
"490","2021-03-20","Calgary Flames","","Toronto Maple Leafs","","","","",""
"491","2021-03-21","Vegas Golden Knights","","Los Angeles Kings","","","","",""
"492","2021-03-21","Pittsburgh Penguins","","New Jersey Devils","","","","",""
"493","2021-03-22","Colorado Avalanche","","Arizona Coyotes","","","","",""
"494","2021-03-22","Carolina Hurricanes","","Columbus Blue Jackets","","","","",""
"495","2021-03-22","Anaheim Ducks","","Minnesota Wild","","","","",""
"496","2021-03-22","Edmonton Oilers","","Montreal Canadiens","","","","",""
"497","2021-03-22","Buffalo Sabres","","New York Rangers","","","","",""
"498","2021-03-22","Calgary Flames","","Ottawa Senators","","","","",""
"499","2021-03-22","Los Angeles Kings","","San Jose Sharks","","","","",""
"500","2021-03-22","Winnipeg Jets","","Vancouver Canucks","","","","",""
"501","2021-03-23","Colorado Avalanche","","Arizona Coyotes","","","","",""
"502","2021-03-23","Florida Panthers","","Chicago Blackhawks","","","","",""
"503","2021-03-23","Tampa Bay Lightning","","Dallas Stars","","","","",""
"504","2021-03-23","Detroit Red Wings","","Nashville Predators","","","","",""
"505","2021-03-23","New Jersey Devils","","Philadelphia Flyers","","","","",""
"506","2021-03-24","Anaheim Ducks","","Minnesota Wild","","","","",""
"507","2021-03-24","Edmonton Oilers","","Montreal Canadiens","","","","",""
"508","2021-03-24","Calgary Flames","","Ottawa Senators","","","","",""
"509","2021-03-24","Buffalo Sabres","","Pittsburgh Penguins","","","","",""
"510","2021-03-24","Los Angeles Kings","","San Jose Sharks","","","","",""
"511","2021-03-24","Winnipeg Jets","","Vancouver Canucks","","","","",""
"512","2021-03-25","New York Islanders","","Boston Bruins","","","","",""
"513","2021-03-25","Carolina Hurricanes","","Columbus Blue Jackets","","","","",""
"514","2021-03-25","Florida Panthers","","Chicago Blackhawks","","","","",""
"515","2021-03-25","Vegas Golden Knights","","Colorado Avalanche","","","","",""
"516","2021-03-25","Tampa Bay Lightning","","Dallas Stars","","","","",""
"517","2021-03-25","Detroit Red Wings","","Nashville Predators","","","","",""
"518","2021-03-25","Toronto Maple Leafs","","Ottawa Senators","","","","",""
"519","2021-03-25","New York Rangers","","Philadelphia Flyers","","","","",""
"520","2021-03-25","New Jersey Devils","","Washington Capitals","","","","",""
"521","2021-03-26","San Jose Sharks","","Arizona Coyotes","","","","",""
"522","2021-03-26","Winnipeg Jets","","Calgary Flames","","","","",""
"523","2021-03-26","Edmonton Oilers","","Montreal Canadiens","","","","",""
"524","2021-03-26","Buffalo Sabres","","Pittsburgh Penguins","","","","",""
"525","2021-03-26","Anaheim Ducks","","St. Louis Blues","","","","",""
"526","2021-03-26","New Jersey Devils","","Washington Capitals","","","","",""
"527","2021-03-27","San Jose Sharks","","Arizona Coyotes","","","","",""
"528","2021-03-27","New York Islanders","","Boston Bruins","","","","",""
"529","2021-03-27","Tampa Bay Lightning","","Carolina Hurricanes","","","","",""
"530","2021-03-27","Winnipeg Jets","","Calgary Flames","","","","",""
"531","2021-03-27","Nashville Predators","","Chicago Blackhawks","","","","",""
"532","2021-03-27","Vegas Golden Knights","","Colorado Avalanche","","","","",""
"533","2021-03-27","Florida Panthers","","Dallas Stars","","","","",""
"534","2021-03-27","Columbus Blue Jackets","","Detroit Red Wings","","","","","at Little Caesars Arena (Detroit, MI)"
"535","2021-03-27","New York Rangers","","Philadelphia Flyers","","","","",""
"536","2021-03-27","Anaheim Ducks","","St. Louis Blues","","","","",""
"537","2021-03-27","Edmonton Oilers","","Toronto Maple Leafs","","","","",""
"538","2021-03-28","New Jersey Devils","","Boston Bruins","","","","",""
"539","2021-03-28","Tampa Bay Lightning","","Carolina Hurricanes","","","","",""
"540","2021-03-28","Nashville Predators","","Chicago Blackhawks","","","","",""
"541","2021-03-28","Florida Panthers","","Dallas Stars","","","","",""
"542","2021-03-28","Columbus Blue Jackets","","Detroit Red Wings","","","","","at Little Caesars Arena (Detroit, MI)"
"543","2021-03-28","Ottawa Senators","","Montreal Canadiens","","","","",""
"544","2021-03-28","New York Rangers","","Washington Capitals","","","","",""
"545","2021-03-29","Philadelphia Flyers","","Buffalo Sabres","","","","",""
"546","2021-03-29","Winnipeg Jets","","Calgary Flames","","","","",""
"547","2021-03-29","Anaheim Ducks","","Colorado Avalanche","","","","",""
"548","2021-03-29","New York Islanders","","Pittsburgh Penguins","","","","",""
"549","2021-03-29","Minnesota Wild","","San Jose Sharks","","","","",""
"550","2021-03-29","Arizona Coyotes","","St. Louis Blues","","","","",""
"551","2021-03-29","Edmonton Oilers","","Toronto Maple Leafs","","","","",""
"552","2021-03-29","Los Angeles Kings","","Vegas Golden Knights","","","","",""
"553","2021-03-30","New Jersey Devils","","Boston Bruins","","","","",""
"554","2021-03-30","Philadelphia Flyers","","Buffalo Sabres","","","","",""
"555","2021-03-30","Carolina Hurricanes","","Chicago Blackhawks","","","","",""
"556","2021-03-30","Detroit Red Wings","","Florida Panthers","","","","",""
"557","2021-03-30","Dallas Stars","","Nashville Predators","","","","",""
"558","2021-03-30","Washington Capitals","","New York Rangers","","","","",""
"559","2021-03-30","Montreal Canadiens","","Ottawa Senators","","","","",""
"560","2021-03-30","New York Islanders","","Pittsburgh Penguins","","","","",""
"561","2021-03-30","Columbus Blue Jackets","","Tampa Bay Lightning","","","","",""
"562","2021-03-31","Anaheim Ducks","","Colorado Avalanche","","","","",""
"563","2021-03-31","Minnesota Wild","","San Jose Sharks","","","","",""
"564","2021-03-31","Arizona Coyotes","","St. Louis Blues","","","","",""
"565","2021-03-31","Calgary Flames","","Vancouver Canucks","","","","",""
"566","2021-03-31","Los Angeles Kings","","Vegas Golden Knights","","","","",""
"567","2021-03-31","Toronto Maple Leafs","","Winnipeg Jets","","","","",""
"568","2021-04-01","Pittsburgh Penguins","","Boston Bruins","","","","",""
"569","2021-04-01","New York Rangers","","Buffalo Sabres","","","","",""
"570","2021-04-01","Carolina Hurricanes","","Chicago Blackhawks","","","","",""
"571","2021-04-01","Detroit Red Wings","","Florida Panthers","","","","",""
"572","2021-04-01","Dallas Stars","","Nashville Predators","","","","",""
"573","2021-04-01","Washington Capitals","","New York Islanders","","","","","at Nassau Veterans Memorial Coliseum (Uniondale, NY)"
"574","2021-04-01","Montreal Canadiens","","Ottawa Senators","","","","",""
"575","2021-04-01","Columbus Blue Jackets","","Tampa Bay Lightning","","","","",""
"576","2021-04-01","Minnesota Wild","","Vegas Golden Knights","","","","",""
"577","2021-04-02","Arizona Coyotes","","Anaheim Ducks","","","","",""
"578","2021-04-02","Calgary Flames","","Edmonton Oilers","","","","",""
"579","2021-04-02","San Jose Sharks","","Los Angeles Kings","","","","",""
"580","2021-04-02","Washington Capitals","","New Jersey Devils","","","","",""
"581","2021-04-02","Toronto Maple Leafs","","Winnipeg Jets","","","","",""
"582","2021-04-03","Pittsburgh Penguins","","Boston Bruins","","","","",""
"583","2021-04-03","New York Rangers","","Buffalo Sabres","","","","",""
"584","2021-04-03","Dallas Stars","","Carolina Hurricanes","","","","",""
"585","2021-04-03","St. Louis Blues","","Colorado Avalanche","","","","",""
"586","2021-04-03","Vancouver Canucks","","Edmonton Oilers","","","","",""
"587","2021-04-03","Columbus Blue Jackets","","Florida Panthers","","","","",""
"588","2021-04-03","San Jose Sharks","","Los Angeles Kings","","","","",""
"589","2021-04-03","Ottawa Senators","","Montreal Canadiens","","","","",""
"590","2021-04-03","Chicago Blackhawks","","Nashville Predators","","","","",""
"591","2021-04-03","Philadelphia Flyers","","New York Islanders","","","","","at Nassau Veterans Memorial Coliseum (Uniondale, NY)"
"592","2021-04-03","Detroit Red Wings","","Tampa Bay Lightning","","","","",""
"593","2021-04-03","Minnesota Wild","","Vegas Golden Knights","","","","",""
"594","2021-04-04","Arizona Coyotes","","Anaheim Ducks","","","","",""
"595","2021-04-04","Dallas Stars","","Carolina Hurricanes","","","","",""
"596","2021-04-04","Toronto Maple Leafs","","Calgary Flames","","","","",""
"597","2021-04-04","Columbus Blue Jackets","","Florida Panthers","","","","",""
"598","2021-04-04","Washington Capitals","","New Jersey Devils","","","","",""
"599","2021-04-04","Chicago Blackhawks","","Nashville Predators","","","","",""
"600","2021-04-04","Detroit Red Wings","","Tampa Bay Lightning","","","","",""
"601","2021-04-04","Vancouver Canucks","","Winnipeg Jets","","","","",""
"602","2021-04-05","Toronto Maple Leafs","","Calgary Flames","","","","",""
"603","2021-04-05","Arizona Coyotes","","Los Angeles Kings","","","","",""
"604","2021-04-05","Colorado Avalanche","","Minnesota Wild","","","","",""
"605","2021-04-05","Edmonton Oilers","","Montreal Canadiens","","","","",""
"606","2021-04-05","Boston Bruins","","Philadelphia Flyers","","","","",""
"607","2021-04-05","Vegas Golden Knights","","St. Louis Blues","","","","",""
"608","2021-04-06","Florida Panthers","","Carolina Hurricanes","","","","",""
"609","2021-04-06","Tampa Bay Lightning","","Columbus Blue Jackets","","","","",""
"610","2021-04-06","Dallas Stars","","Chicago Blackhawks","","","","",""
"611","2021-04-06","Nashville Predators","","Detroit Red Wings","","","","","at Little Caesars Arena (Detroit, MI)"
"612","2021-04-06","Buffalo Sabres","","New Jersey Devils","","","","",""
"613","2021-04-06","Washington Capitals","","New York Islanders","","","","","at Nassau Veterans Memorial Coliseum (Uniondale, NY)"
"614","2021-04-06","Pittsburgh Penguins","","New York Rangers","","","","",""
"615","2021-04-06","Boston Bruins","","Philadelphia Flyers","","","","",""
"616","2021-04-06","Vancouver Canucks","","Winnipeg Jets","","","","",""
"617","2021-04-07","Arizona Coyotes","","Los Angeles Kings","","","","",""
"618","2021-04-07","Colorado Avalanche","","Minnesota Wild","","","","",""
"619","2021-04-07","Edmonton Oilers","","Ottawa Senators","","","","",""
"620","2021-04-07","Vegas Golden Knights","","St. Louis Blues","","","","",""
"621","2021-04-07","Montreal Canadiens","","Toronto Maple Leafs","","","","",""
"622","2021-04-08","New Jersey Devils","","Buffalo Sabres","","","","",""
"623","2021-04-08","Florida Panthers","","Carolina Hurricanes","","","","",""
"624","2021-04-08","Tampa Bay Lightning","","Columbus Blue Jackets","","","","",""
"625","2021-04-08","Vancouver Canucks","","Calgary Flames","","","","",""
"626","2021-04-08","Dallas Stars","","Chicago Blackhawks","","","","",""
"627","2021-04-08","Nashville Predators","","Detroit Red Wings","","","","","at Little Caesars Arena (Detroit, MI)"
"628","2021-04-08","Winnipeg Jets","","Montreal Canadiens","","","","",""
"629","2021-04-08","Philadelphia Flyers","","New York Islanders","","","","","at Nassau Veterans Memorial Coliseum (Uniondale, NY)"
"630","2021-04-08","Pittsburgh Penguins","","New York Rangers","","","","",""
"631","2021-04-08","Boston Bruins","","Washington Capitals","","","","",""
"632","2021-04-09","Colorado Avalanche","","Anaheim Ducks","","","","",""
"633","2021-04-09","New Jersey Devils","","Buffalo Sabres","","","","",""
"634","2021-04-09","New York Rangers","","New York Islanders","","","","","at Nassau Veterans Memorial Coliseum (Uniondale, NY)"
"635","2021-04-09","Edmonton Oilers","","Ottawa Senators","","","","",""
"636","2021-04-09","Los Angeles Kings","","San Jose Sharks","","","","",""
"637","2021-04-09","Minnesota Wild","","St. Louis Blues","","","","",""
"638","2021-04-09","Arizona Coyotes","","Vegas Golden Knights","","","","",""
"639","2021-04-10","Detroit Red Wings","","Carolina Hurricanes","","","","",""
"640","2021-04-10","Chicago Blackhawks","","Columbus Blue Jackets","","","","",""
"641","2021-04-10","Vancouver Canucks","","Calgary Flames","","","","",""
"642","2021-04-10","Florida Panthers","","Dallas Stars","","","","",""
"643","2021-04-10","Winnipeg Jets","","Montreal Canadiens","","","","",""
"644","2021-04-10","Tampa Bay Lightning","","Nashville Predators","","","","",""
"645","2021-04-10","Los Angeles Kings","","San Jose Sharks","","","","",""
"646","2021-04-10","Ottawa Senators","","Toronto Maple Leafs","","","","",""
"647","2021-04-10","Boston Bruins","","Washington Capitals","","","","",""
"648","2021-04-11","Colorado Avalanche","","Anaheim Ducks","","","","",""
"649","2021-04-11","Pittsburgh Penguins","","New Jersey Devils","","","","",""
"650","2021-04-11","New York Rangers","","New York Islanders","","","","","at Nassau Veterans Memorial Coliseum (Uniondale, NY)"
"651","2021-04-11","Buffalo Sabres","","Philadelphia Flyers","","","","",""
"652","2021-04-11","Minnesota Wild","","St. Louis Blues","","","","",""
"653","2021-04-11","Arizona Coyotes","","Vegas Golden Knights","","","","",""
"654","2021-04-12","Detroit Red Wings","","Carolina Hurricanes","","","","",""
"655","2021-04-12","Chicago Blackhawks","","Columbus Blue Jackets","","","","",""
"656","2021-04-12","Vancouver Canucks","","Edmonton Oilers","","","","",""
"657","2021-04-12","Vegas Golden Knights","","Los Angeles Kings","","","","",""
"658","2021-04-12","Toronto Maple Leafs","","Montreal Canadiens","","","","",""
"659","2021-04-12","Tampa Bay Lightning","","Nashville Predators","","","","",""
"660","2021-04-12","Winnipeg Jets","","Ottawa Senators","","","","",""
"661","2021-04-12","Anaheim Ducks","","San Jose Sharks","","","","",""
"662","2021-04-13","New York Islanders","","Boston Bruins","","","","",""
"663","2021-04-13","Florida Panthers","","Dallas Stars","","","","",""
"664","2021-04-13","New York Rangers","","New Jersey Devils","","","","",""
"665","2021-04-13","Philadelphia Flyers","","Pittsburgh Penguins","","","","",""
"666","2021-04-13","Calgary Flames","","Toronto Maple Leafs","","","","",""
"667","2021-04-13","Buffalo Sabres","","Washington Capitals","","","","",""
"668","2021-04-14","Vancouver Canucks","","Edmonton Oilers","","","","",""
"669","2021-04-14","Vegas Golden Knights","","Los Angeles Kings","","","","",""
"670","2021-04-14","Calgary Flames","","Montreal Canadiens","","","","",""
"671","2021-04-14","Winnipeg Jets","","Ottawa Senators","","","","",""
"672","2021-04-14","Anaheim Ducks","","San Jose Sharks","","","","",""
"673","2021-04-15","St. Louis Blues","","Arizona Coyotes","","","","",""
"674","2021-04-15","Nashville Predators","","Carolina Hurricanes","","","","",""
"675","2021-04-15","Columbus Blue Jackets","","Dallas Stars","","","","",""
"676","2021-04-15","Chicago Blackhawks","","Detroit Red Wings","","","","","at Little Caesars Arena (Detroit, MI)"
"677","2021-04-15","New Jersey Devils","","New York Rangers","","","","",""
"678","2021-04-15","Philadelphia Flyers","","Pittsburgh Penguins","","","","",""
"679","2021-04-15","Florida Panthers","","Tampa Bay Lightning","","","","",""
"680","2021-04-15","Winnipeg Jets","","Toronto Maple Leafs","","","","",""
"681","2021-04-15","Buffalo Sabres","","Washington Capitals","","","","",""
"682","2021-04-16","Vegas Golden Knights","","Anaheim Ducks","","","","",""
"683","2021-04-16","New York Islanders","","Boston Bruins","","","","",""
"684","2021-04-16","Los Angeles Kings","","Colorado Avalanche","","","","",""
"685","2021-04-16","San Jose Sharks","","Minnesota Wild","","","","",""
"686","2021-04-16","Calgary Flames","","Montreal Canadiens","","","","",""
"687","2021-04-17","St. Louis Blues","","Arizona Coyotes","","","","",""
"688","2021-04-17","Pittsburgh Penguins","","Buffalo Sabres","","","","",""
"689","2021-04-17","Nashville Predators","","Carolina Hurricanes","","","","",""
"690","2021-04-17","Columbus Blue Jackets","","Dallas Stars","","","","",""
"691","2021-04-17","Chicago Blackhawks","","Detroit Red Wings","","","","","at Little Caesars Arena (Detroit, MI)"
"692","2021-04-17","San Jose Sharks","","Minnesota Wild","","","","",""
"693","2021-04-17","New Jersey Devils","","New York Rangers","","","","",""
"694","2021-04-17","Washington Capitals","","Philadelphia Flyers","","","","",""
"695","2021-04-17","Florida Panthers","","Tampa Bay Lightning","","","","",""
"696","2021-04-17","Toronto Maple Leafs","","Vancouver Canucks","","","","",""
"697","2021-04-17","Edmonton Oilers","","Winnipeg Jets","","","","",""
"698","2021-04-18","Vegas Golden Knights","","Anaheim Ducks","","","","",""
"699","2021-04-18","Washington Capitals","","Boston Bruins","","","","",""
"700","2021-04-18","Los Angeles Kings","","Colorado Avalanche","","","","",""
"701","2021-04-18","New York Rangers","","New Jersey Devils","","","","",""
"702","2021-04-18","New York Islanders","","Philadelphia Flyers","","","","",""
"703","2021-04-19","Minnesota Wild","","Arizona Coyotes","","","","",""
"704","2021-04-19","Pittsburgh Penguins","","Buffalo Sabres","","","","",""
"705","2021-04-19","Ottawa Senators","","Calgary Flames","","","","",""
"706","2021-04-19","Detroit Red Wings","","Dallas Stars","","","","",""
"707","2021-04-19","Montreal Canadiens","","Edmonton Oilers","","","","",""
"708","2021-04-19","Columbus Blue Jackets","","Florida Panthers","","","","",""
"709","2021-04-19","Carolina Hurricanes","","Tampa Bay Lightning","","","","",""
"710","2021-04-19","Toronto Maple Leafs","","Vancouver Canucks","","","","",""
"711","2021-04-19","San Jose Sharks","","Vegas Golden Knights","","","","",""
"712","2021-04-20","Washington Capitals","","Boston Bruins","","","","",""
"713","2021-04-20","Ottawa Senators","","Calgary Flames","","","","",""
"714","2021-04-20","St. Louis Blues","","Colorado Avalanche","","","","",""
"715","2021-04-20","Detroit Red Wings","","Dallas Stars","","","","",""
"716","2021-04-20","Montreal Canadiens","","Edmonton Oilers","","","","",""
"717","2021-04-20","Columbus Blue Jackets","","Florida Panthers","","","","",""
"718","2021-04-20","Anaheim Ducks","","Los Angeles Kings","","","","",""
"719","2021-04-20","Philadelphia Flyers","","New Jersey Devils","","","","",""
"720","2021-04-20","New York Rangers","","New York Islanders","","","","","at Nassau Veterans Memorial Coliseum (Uniondale, NY)"
"721","2021-04-20","Carolina Hurricanes","","Tampa Bay Lightning","","","","",""
"722","2021-04-21","Minnesota Wild","","Arizona Coyotes","","","","",""
"723","2021-04-21","Nashville Predators","","Chicago Blackhawks","","","","",""
"724","2021-04-21","San Jose Sharks","","Vegas Golden Knights","","","","",""
"725","2021-04-21","Toronto Maple Leafs","","Winnipeg Jets","","","","",""
"726","2021-04-22","Boston Bruins","","Buffalo Sabres","","","","",""
"727","2021-04-22","Montreal Canadiens","","Calgary Flames","","","","",""
"728","2021-04-22","Dallas Stars","","Detroit Red Wings","","","","","at Little Caesars Arena (Detroit, MI)"
"729","2021-04-22","Carolina Hurricanes","","Florida Panthers","","","","",""
"730","2021-04-22","Washington Capitals","","New York Islanders","","","","","at Nassau Veterans Memorial Coliseum (Uniondale, NY)"
"731","2021-04-22","New Jersey Devils","","Pittsburgh Penguins","","","","",""
"732","2021-04-22","Colorado Avalanche","","St. Louis Blues","","","","",""
"733","2021-04-22","Columbus Blue Jackets","","Tampa Bay Lightning","","","","",""
"734","2021-04-22","Ottawa Senators","","Vancouver Canucks","","","","",""
"735","2021-04-23","Boston Bruins","","Buffalo Sabres","","","","",""
"736","2021-04-23","Nashville Predators","","Chicago Blackhawks","","","","",""
"737","2021-04-23","Arizona Coyotes","","Los Angeles Kings","","","","",""
"738","2021-04-23","Philadelphia Flyers","","New York Rangers","","","","",""
"739","2021-04-23","Minnesota Wild","","San Jose Sharks","","","","",""
"740","2021-04-23","Toronto Maple Leafs","","Winnipeg Jets","","","","",""
"741","2021-04-24","Montreal Canadiens","","Calgary Flames","","","","",""
"742","2021-04-24","Dallas Stars","","Detroit Red Wings","","","","","at Little Caesars Arena (Detroit, MI)"
"743","2021-04-24","Carolina Hurricanes","","Florida Panthers","","","","",""
"744","2021-04-24","Arizona Coyotes","","Los Angeles Kings","","","","",""
"745","2021-04-24","Washington Capitals","","New York Islanders","","","","","at Nassau Veterans Memorial Coliseum (Uniondale, NY)"
"746","2021-04-24","New Jersey Devils","","Pittsburgh Penguins","","","","",""
"747","2021-04-24","Minnesota Wild","","San Jose Sharks","","","","",""
"748","2021-04-24","Colorado Avalanche","","St. Louis Blues","","","","",""
"749","2021-04-24","Ottawa Senators","","Vancouver Canucks","","","","",""
"750","2021-04-24","Toronto Maple Leafs","","Winnipeg Jets","","","","",""
"751","2021-04-25","Buffalo Sabres","","New York Rangers","","","","",""
"752","2021-04-25","New York Islanders","","Philadelphia Flyers","","","","",""
"753","2021-04-25","Boston Bruins","","Pittsburgh Penguins","","","","",""
"754","2021-04-25","Columbus Blue Jackets","","Tampa Bay Lightning","","","","",""
"755","2021-04-26","Montreal Canadiens","","Calgary Flames","","","","",""
"756","2021-04-26","Carolina Hurricanes","","Dallas Stars","","","","",""
"757","2021-04-26","Anaheim Ducks","","Los Angeles Kings","","","","",""
"758","2021-04-26","St. Louis Blues","","Minnesota Wild","","","","",""
"759","2021-04-26","Florida Panthers","","Nashville Predators","","","","",""
"760","2021-04-26","Vancouver Canucks","","Ottawa Senators","","","","",""
"761","2021-04-26","Arizona Coyotes","","San Jose Sharks","","","","",""
"762","2021-04-26","Colorado Avalanche","","Vegas Golden Knights","","","","",""
"763","2021-04-26","Edmonton Oilers","","Winnipeg Jets","","","","",""
"764","2021-04-27","Detroit Red Wings","","Columbus Blue Jackets","","","","",""
"765","2021-04-27","Tampa Bay Lightning","","Chicago Blackhawks","","","","",""
"766","2021-04-27","Carolina Hurricanes","","Dallas Stars","","","","",""
"767","2021-04-27","New York Islanders","","New Jersey Devils","","","","",""
"768","2021-04-27","Florida Panthers","","Nashville Predators","","","","",""
"769","2021-04-27","Buffalo Sabres","","New York Rangers","","","","",""
"770","2021-04-27","Washington Capitals","","Philadelphia Flyers","","","","",""
"771","2021-04-27","Boston Bruins","","Pittsburgh Penguins","","","","",""
"772","2021-04-28","Anaheim Ducks","","Los Angeles Kings","","","","",""
"773","2021-04-28","St. Louis Blues","","Minnesota Wild","","","","",""
"774","2021-04-28","Toronto Maple Leafs","","Montreal Canadiens","","","","",""
"775","2021-04-28","Vancouver Canucks","","Ottawa Senators","","","","",""
"776","2021-04-28","Arizona Coyotes","","San Jose Sharks","","","","",""
"777","2021-04-28","Colorado Avalanche","","Vegas Golden Knights","","","","",""
"778","2021-04-28","Edmonton Oilers","","Winnipeg Jets","","","","",""
"779","2021-04-29","Buffalo Sabres","","Boston Bruins","","","","",""
"780","2021-04-29","Detroit Red Wings","","Carolina Hurricanes","","","","",""
"781","2021-04-29","Florida Panthers","","Chicago Blackhawks","","","","",""
"782","2021-04-29","Calgary Flames","","Edmonton Oilers","","","","",""
"783","2021-04-29","Philadelphia Flyers","","New Jersey Devils","","","","",""
"784","2021-04-29","Dallas Stars","","Nashville Predators","","","","",""
"785","2021-04-29","New York Islanders","","New York Rangers","","","","",""
"786","2021-04-29","Pittsburgh Penguins","","Washington Capitals","","","","",""
"787","2021-04-30","Los Angeles Kings","","Anaheim Ducks","","","","",""
"788","2021-04-30","Vegas Golden Knights","","Arizona Coyotes","","","","",""
"789","2021-04-30","San Jose Sharks","","Colorado Avalanche","","","","",""
"790","2021-04-30","Winnipeg Jets","","Montreal Canadiens","","","","",""
"791","2021-04-30","Minnesota Wild","","St. Louis Blues","","","","",""
"792","2021-04-30","Vancouver Canucks","","Toronto Maple Leafs","","","","",""
"793","2021-05-01","Los Angeles Kings","","Anaheim Ducks","","","","",""
"794","2021-05-01","Vegas Golden Knights","","Arizona Coyotes","","","","",""
"795","2021-05-01","Buffalo Sabres","","Boston Bruins","","","","",""
"796","2021-05-01","Columbus Blue Jackets","","Carolina Hurricanes","","","","",""
"797","2021-05-01","Florida Panthers","","Chicago Blackhawks","","","","",""
"798","2021-05-01","San Jose Sharks","","Colorado Avalanche","","","","",""
"799","2021-05-01","Tampa Bay Lightning","","Detroit Red Wings","","","","","at Little Caesars Arena (Detroit, MI)"
"800","2021-05-01","Calgary Flames","","Edmonton Oilers","","","","",""
"801","2021-05-01","Ottawa Senators","","Montreal Canadiens","","","","",""
"802","2021-05-01","Dallas Stars","","Nashville Predators","","","","",""
"803","2021-05-01","New York Rangers","","New York Islanders","","","","","at Nassau Veterans Memorial Coliseum (Uniondale, NY)"
"804","2021-05-01","New Jersey Devils","","Philadelphia Flyers","","","","",""
"805","2021-05-01","Minnesota Wild","","St. Louis Blues","","","","",""
"806","2021-05-01","Vancouver Canucks","","Toronto Maple Leafs","","","","",""
"807","2021-05-01","Pittsburgh Penguins","","Washington Capitals","","","","",""
"808","2021-05-02","Tampa Bay Lightning","","Detroit Red Wings","","","","","at Little Caesars Arena (Detroit, MI)"
"809","2021-05-03","Los Angeles Kings","","Arizona Coyotes","","","","",""
"810","2021-05-03","New York Islanders","","Buffalo Sabres","","","","",""
"811","2021-05-03","Chicago Blackhawks","","Carolina Hurricanes","","","","",""
"812","2021-05-03","Nashville Predators","","Columbus Blue Jackets","","","","",""
"813","2021-05-03","Dallas Stars","","Florida Panthers","","","","",""
"814","2021-05-03","Vegas Golden Knights","","Minnesota Wild","","","","",""
"815","2021-05-03","Toronto Maple Leafs","","Montreal Canadiens","","","","",""
"816","2021-05-03","Boston Bruins","","New Jersey Devils","","","","",""
"817","2021-05-03","Washington Capitals","","New York Rangers","","","","",""
"818","2021-05-03","Winnipeg Jets","","Ottawa Senators","","","","",""
"819","2021-05-03","Pittsburgh Penguins","","Philadelphia Flyers","","","","",""
"820","2021-05-03","Colorado Avalanche","","San Jose Sharks","","","","",""
"821","2021-05-03","Anaheim Ducks","","St. Louis Blues","","","","",""
"822","2021-05-04","New York Islanders","","Buffalo Sabres","","","","",""
"823","2021-05-04","Chicago Blackhawks","","Carolina Hurricanes","","","","",""
"824","2021-05-04","Boston Bruins","","New Jersey Devils","","","","",""
"825","2021-05-04","Pittsburgh Penguins","","Philadelphia Flyers","","","","",""
"826","2021-05-04","Dallas Stars","","Tampa Bay Lightning","","","","",""
"827","2021-05-04","Edmonton Oilers","","Vancouver Canucks","","","","",""
"828","2021-05-05","Los Angeles Kings","","Arizona Coyotes","","","","",""
"829","2021-05-05","Nashville Predators","","Columbus Blue Jackets","","","","",""
"830","2021-05-05","Winnipeg Jets","","Calgary Flames","","","","",""
"831","2021-05-05","Vegas Golden Knights","","Minnesota Wild","","","","",""
"832","2021-05-05","Washington Capitals","","New York Rangers","","","","",""
"833","2021-05-05","Toronto Maple Leafs","","Ottawa Senators","","","","",""
"834","2021-05-05","Colorado Avalanche","","San Jose Sharks","","","","",""
"835","2021-05-05","Anaheim Ducks","","St. Louis Blues","","","","",""
"836","2021-05-06","New York Rangers","","Boston Bruins","","","","",""
"837","2021-05-06","Dallas Stars","","Chicago Blackhawks","","","","",""
"838","2021-05-06","Tampa Bay Lightning","","Florida Panthers","","","","",""
"839","2021-05-06","New Jersey Devils","","New York Islanders","","","","","at Nassau Veterans Memorial Coliseum (Uniondale, NY)"
"840","2021-05-06","Buffalo Sabres","","Pittsburgh Penguins","","","","",""
"841","2021-05-06","Edmonton Oilers","","Vancouver Canucks","","","","",""
"842","2021-05-07","Detroit Red Wings","","Columbus Blue Jackets","","","","",""
"843","2021-05-07","Edmonton Oilers","","Calgary Flames","","","","",""
"844","2021-05-07","Colorado Avalanche","","Los Angeles Kings","","","","",""
"845","2021-05-07","Anaheim Ducks","","Minnesota Wild","","","","",""
"846","2021-05-07","Carolina Hurricanes","","Nashville Predators","","","","",""
"847","2021-05-07","Arizona Coyotes","","San Jose Sharks","","","","",""
"848","2021-05-07","Montreal Canadiens","","Toronto Maple Leafs","","","","",""
"849","2021-05-07","St. Louis Blues","","Vegas Golden Knights","","","","",""
"850","2021-05-07","Ottawa Senators","","Winnipeg Jets","","","","",""
"851","2021-05-07","Philadelphia Flyers","","Washington Capitals","","","","",""
"852","2021-05-08","New York Rangers","","Boston Bruins","","","","",""
"853","2021-05-08","Detroit Red Wings","","Columbus Blue Jackets","","","","",""
"854","2021-05-08","Dallas Stars","","Chicago Blackhawks","","","","",""
"855","2021-05-08","Tampa Bay Lightning","","Florida Panthers","","","","",""
"856","2021-05-08","Colorado Avalanche","","Los Angeles Kings","","","","",""
"857","2021-05-08","Anaheim Ducks","","Minnesota Wild","","","","",""
"858","2021-05-08","Carolina Hurricanes","","Nashville Predators","","","","",""
"859","2021-05-08","New Jersey Devils","","New York Islanders","","","","","at Nassau Veterans Memorial Coliseum (Uniondale, NY)"
"860","2021-05-08","Buffalo Sabres","","Pittsburgh Penguins","","","","",""
"861","2021-05-08","Arizona Coyotes","","San Jose Sharks","","","","",""
"862","2021-05-08","Montreal Canadiens","","Toronto Maple Leafs","","","","",""
"863","2021-05-08","Calgary Flames","","Vancouver Canucks","","","","",""
"864","2021-05-08","St. Louis Blues","","Vegas Golden Knights","","","","",""
"865","2021-05-08","Ottawa Senators","","Winnipeg Jets","","","","",""
"866","2021-05-08","Philadelphia Flyers","","Washington Capitals","","","","",""
"867","2021-05-10","Dallas Stars","","Tampa Bay Lightning","","","","",""
